No,model_number_sku,housing_style,wall_mount,ceiling_mount_single_unit,pole_mount,corner_mount,in-ceiling_mount,parapet_mount,junction_box,dual_junction_box,Adapter and others
1,AVC-NAE41F28,Turret,"AVM-CWM-EV-S2, AVM-HWM-E-S2",AVM-HCM-E-S1,AVM-POM-A1,AVM-CRM-A1,,,"AVM-JB-BE-S2, AVM-JB-BE-AD2",AVM-JB-DUAL-US1,
2,AVC-NAE81F28,Turret,"AVM-CWM-EV-S2, AVM-HWM-E-S2",AVM-HCM-E-S2,AVM-POM-A2,AVM-CRM-A1,,,"AVM-JB-BE-S2, AVM-JB-BE-AD2",AVM-JB-DUAL-US1,
3,AVC-NAB41F28,Bullet,,,AVM-P-POM-A2,AVM-CRM-A1,,,AVM-JB-B-AD1,,
4,AVC-NAB81F28,Bullet,,,AVM-P-POM-A2,AVM-CRM-A1,,,AVM-JB-B-AD1,,
5,AVC-NBE41F28,Turret,"AVM-CWM-EV-S2, AVM-HWM-E-S2",AVM-HCM-E-S2,AVM-P-POM-A2,AVM-CRM-A1,,,"AVM-JB-BE-S2, AVM-JB-BE-AD2",,
6,AVC-NBE41F28-B,Turret,AVM-CWM-EV-S1-B,,AVM-P-POM-A2,AVM-CRM-A1,,,AVM-JB-BE-S1-B,,
7,AVC-NBE81F28,Turret,"AVM-CWM-EV-S2, AVM-HWM-E-S2",AVM-HCM-E-S2,AVM-P-POM-A2,AVM-CRM-A1,,,"AVM-JB-BE-S2, AVM-JB-BE-AD2",,
8,AVC-NBE81F28-B,Turret,AVM-CWM-EV-S1-B,,AVM-P-POM-A2,AVM-CRM-A1,,,AVM-JB-BE-S1-B,,
9,AVC-NBB41F28,Bullet,,AVM-HCM-E-S2,AVM-P-POM-A2,AVM-CRM-A1,,,AVM-JB-BE-S2,,
10,AVC-NBB81F28,Bullet,,,AVM-P-POM-A2,AVM-CRM-A1,,,AVM-JB-B-AD1,,
11,AVC-NCE51F28,Turret,"AVM-CWM-EV-S2, AVM-HWM-E-S2",AVM-HCM-E-S1,AVM-P-POM-A2,AVM-CRM-A1,,,"AVM-JB-BE-S2, AVM-JB-BE-AD2",AVM-JB-DUAL-US1,
12,AVC-NCE51F28-B,Turret,AVM-CWM-EV-S1-B,,AVM-P-POM-A2,AVM-CRM-A1,,,AVM-JB-BE-S1-B,,
13,AVC-NCE81F28,Turret,"AVM-CWM-EV-S2, AVM-HWM-E-S2",AVM-HCM-E-S1,AVM-P-POM-A2,AVM-CRM-A1,,,"AVM-JB-BE-S2, AVM-JB-BE-AD2",AVM-JB-DUAL-US1,
14,AVC-NCE81F28-B,Turret,AVM-CWM-EV-S1-B,,AVM-P-POM-A2,AVM-CRM-A1,,,AVM-JB-BE-S1-B,,
15,AVC-NCE51M,Turret,"AVM-CWM-EDV-L1, AVM-HWM-E-L1",AVM-HCM-E-L1,AVM-P-POM-A2,AVM-CRM-A1,,,AVM-JB-BE-L1,AVM-JB-DUAL-UL1,
16,AVC-NCE81M,Turret,"AVM-CWM-EDV-L1, AVM-HWM-E-L1",AVM-HCM-E-L1,AVM-P-POM-A2,AVM-CRM-A1,,,AVM-JB-BE-L1,AVM-JB-DUAL-UL1,
17,AVC-NCB51F28,Bullet,,AVM-HCM-E-S1,AVM-P-POM-A2,AVM-CRM-A1,,,AVM-JB-BE-S2,AVM-JB-DUAL-US1,
18,AVC-NCB81F28,Bullet,,AVM-HCM-E-S1,AVM-P-POM-A2,AVM-CRM-A1,,,AVM-JB-BE-S2,AVM-JB-DUAL-US1,
19,AVC-NCB51M,Bullet,,AVM-HCM-E-L1,AVM-P-POM-A2,AVM-CRM-A1,,,"AVM-JB-BE-S2, AVM-JB-BE-L1",AVM-JB-DUAL-UL1,
20,AVC-NCB81M,Bullet,,AVM-HCM-E-L1,AVM-P-POM-A2,AVM-CRM-A1,,,"AVM-JB-BE-S2, AVM-JB-BE-L1",AVM-JB-DUAL-UL1,
21,AVC-NCV51F28,Vandal Dome,"AVM-CWM-VG-S3, AVM-HWM-VG-S3",,,,AVM-RM-V-S1,,AVM-JB-VG-S3,,
22,AVC-NCV81F28,Vandal Dome,"AVM-CWM-VG-S3, AVM-HWM-VG-S3",,,,AVM-RM-V-S1,,AVM-JB-VG-S3,,
23,AVC-NCV51M,Vandal Dome,"AVM-CWM-VG-L3, AVM-HWM-VG-L3",,,,AVM-RM-V-L1,,AVM-JB-VG-L3,,AVM-WS-V-L1
24,AVC-NCV81M,Vandal Dome,"AVM-CWM-VG-L3, AVM-HWM-VG-L3",,,,AVM-RM-V-L1,,AVM-JB-VG-L3,,AVM-WS-V-L1
25,AVC-NDE51F28,Turret,"AVM-CWM-EV-S2, AVM-HWM-E-S2",AVM-HCM-E-S2,AVM-P-POM-A2,AVM-CRM-A1,,,"AVM-JB-BE-AD2, AVM-JB-BE-S2",AVM-JB-DUAL-US1,
26,AVC-NDE81F28,Turret,"AVM-CWM-EV-S2, AVM-HWM-E-S2",AVM-HCM-E-S2,AVM-P-POM-A2,AVM-CRM-A1,,,"AVM-JB-BE-AD2, AVM-JB-BE-S2",AVM-JB-DUAL-US1,
27,AVC-NDE51M,Turret,"AVM-CWM-EDV-L1, AVM-HWM-E-L1",AVM-HCM-E-L1,AVM-P-POM-A2,AVM-CRM-A1,,,AVM-JB-BE-L1,AVM-JB-DUAL-UL1,
28,AVC-NDE81M,Turret,"AVM-CWM-EDV-L1, AVM-HWM-E-L1",AVM-HCM-E-L1,AVM-P-POM-A2,AVM-CRM-A1,,,AVM-JB-BE-L1,AVM-JB-DUAL-UL1,
29,AVC-NDB51F28,Bullet,,AVM-HCM-E-S1,AVM-P-POM-A2,AVM-CRM-A1,,,AVM-JB-BE-S2,AVM-JB-DUAL-US1,
30,AVC-NDB81F28,Bullet,,AVM-HCM-E-S1,AVM-P-POM-A2,AVM-CRM-A1,,,AVM-JB-BE-S2,AVM-JB-DUAL-US1,
31,AVC-NDB51M,Bullet,,AVM-HCM-E-L1,AVM-P-POM-A2,AVM-CRM-A1,,,"AVM-JB-BE-L1, AVM-JB-BE-S2",AVM-JB-DUAL-UL1,
32,AVC-NDB81M,Bullet,,AVM-HCM-E-L1,AVM-P-POM-A2,AVM-CRM-A1,,,"AVM-JB-BE-L1, AVM-JB-BE-S2",AVM-JB-DUAL-UL1,
33,AVC-NDV51F28,Vandal Dome,"AVM-CWM-VG-S3, AVM-HWM-VG-S3",,,,AVM-RM-V-S1,,AVM-JB-VG-S3,,
34,AVC-NDV81F28,Vandal Dome,"AVM-CWM-VG-S3, AVM-HWM-VG-S3",,  ,,AVM-RM-V-S1,,AVM-JB-VG-S3,,
35,AVC-NDV51M,Vandal Dome,"AVM-CWM-VG-L3, AVM-HWM-VG-L3",,,,AVM-RM-V-L1,,AVM-JB-VG-L3,,AVM-WS-V-L1
36,AVC-NDV81M,Vandal Dome,"AVM-CWM-VG-L3, AVM-HWM-VG-L3",,,,AVM-RM-V-L1,,AVM-JB-VG-L3,,AVM-WS-V-L1
37,AVC-NPE51F28,Turret,"AVM-CWM-EV-S2, AVM-HWM-E-S2",AVM-HCM-E-S1,AVM-P-POM-A2,AVM-CRM-A1,,,"AVM-JB-BE-AD2, AVM-JB-BE-S2",AVM-JB-DUAL-US1,
38,AVC-NPE51F28-B,Turret,AVM-CWM-EV-S1-B,,AVM-P-POM-A2,AVM-CRM-A1,,,AVM-JB-BE-S1-B,,
39,AVC-NPE51F36,Turret,"AVM-CWM-EV-S2, AVM-HWM-E-S2",AVM-HCM-E-S1,AVM-P-POM-A2,AVM-CRM-A1,,,"AVM-JB-BE-AD2, AVM-JB-BE-S2",AVM-JB-DUAL-US1,
40,AVC-NPE81F28,Turret,"AVM-CWM-EV-S2, AVM-HWM-E-S2",AVM-HCM-E-S1,AVM-P-POM-A2,AVM-CRM-A1,,,"AVM-JB-BE-AD2, AVM-JB-BE-S2",AVM-JB-DUAL-US1,
41,AVC-NPE81F28-B,Turret,AVM-CWM-EV-S1-B,,AVM-P-POM-A2,AVM-CRM-A1,,,AVM-JB-BE-S1-B,,
42,AVC-NPE51M,Turret,"AVM-CWM-EDV-L1, AVM-HWM-E-L1",AVM-HCM-E-L1,AVM-P-POM-A2,AVM-CRM-A1,,,AVM-JB-BE-L1,AVM-JB-DUAL-UL1,
43,AVC-NPE51M-B,Turret,AVM-CWM-EDV-L1-B,,AVM-P-POM-A2,AVM-CRM-A1,,,,,
44,AVC-NPE81M,Turret,"AVM-CWM-EDV-L1, AVM-HWM-E-L1",AVM-HCM-E-L1,AVM-P-POM-A2,AVM-CRM-A1,,,AVM-JB-BE-L1,AVM-JB-DUAL-UL1,
45,AVC-NPE81M-B,Turret,AVM-CWM-EDV-L1-B,,AVM-P-POM-A2,AVM-CRM-A1,,,,,
46,AVC-NPB51F28,Bullet,,AVM-HCM-E-S1,AVM-P-POM-A2,AVM-CRM-A1,,,AVM-JB-BE-S2,AVM-JB-DUAL-US1,
47,AVC-NPB51F28-B,Bullet,,,,,,,,,
48,AVC-NPB81F28,Bullet,,AVM-HCM-E-S1,AVM-P-POM-A2,AVM-CRM-A1,,,AVM-JB-BE-S2,AVM-JB-DUAL-US1,
49,AVC-NPB51M,Bullet,,AVM-HCM-E-L1,AVM-P-POM-A2,AVM-CRM-A1,,,"AVM-JB-BE-S2, AVM-JB-BE-L1",AVM-JB-DUAL-UL1,
50,AVC-NPB51M-B,Bullet,,AVM-HCM-E-L1,AVM-P-POM-A2,AVM-CRM-A1,,,"AVM-JB-BE-S2, AVM-JB-BE-L1",AVM-JB-DUAL-UL1,
51,AVC-NPB51M50,Bullet,,AVM-HCM-E-L1,AVM-P-POM-A2,AVM-CRM-A1,,,"AVM-JB-BE-L1, AVM-JB-BE-S2",AVM-JB-DUAL-UL1,
52,AVC-NPB81M,Bullet,,AVM-HCM-E-L1,AVM-P-POM-A2,AVM-CRM-A1,,,"AVM-JB-BE-L1, AVM-JB-BE-S2",AVM-JB-DUAL-UL1,
53,AVC-NPV51F28,Vandal Dome,"AVM-CWM-EV-S2, AVM-HWM-V-S1",AVM-HCM-V-S1,AVM-P-POM-A2,AVM-CRM-A1,AVM-RM-V-S1,,AVM-JB-V-S1,AVM-JB-DUAL-US1,
54,AVC-NPV81F28,Vandal Dome,"AVM-CWM-EV-S2, AVM-HWM-V-S1",AVM-HCM-V-S1,AVM-P-POM-A2,AVM-CRM-A1,AVM-RM-V-S1,,AVM-JB-V-S1,AVM-JB-DUAL-US1,
55,AVC-NPV51M,Vandal Dome,"AVM-HWM-V-L1, AVM-CWM-EDV-L1",AVM-HCM-V-L1,AVM-P-POM-A2,AVM-CRM-A1,AVM-RM-V-L1,,AVM-JB-V-L1,AVM-JB-DUAL-UL1,AVM-WS-V-L1
56,AVC-NPV81M,Vandal Dome,"AVM-CWM-EDV-L1, AVM-HWM-V-L1",AVM-HCM-V-L1,AVM-P-POM-A2,AVM-CRM-A1,AVM-RM-V-L1,,AVM-JB-V-L1,AVM-JB-DUAL-UL1,AVM-WS-V-L1
57,AVC-NPD51F28,Indoor Dome,,,,,,,,,
58,AVC-NPD81F28,Indoor Dome,,,,,,,,,
59,AVC-NPD51M,Indoor Dome,AVM-CWM-EDV-L1,,,,,,,,
60,AVC-NPD81M,Indoor Dome,AVM-CWM-EDV-L1,,,,,,,,
61,AVC-NPK51F28,Indoor Dome,,,,,,,,,
62,AVC-NPK81F28,Indoor Dome,,,,,,,,,
63,AVC-NKE51F28,Turret,"AVM-CWM-EV-S2, AVM-HWM-E-S2",AVM-HCM-E-S1,AVM-P-POM-A2,AVM-CRM-A1,,,"AVM-JB-BE-AD2, AVM-JB-BE-S2",AVM-JB-DUAL-US1,
64,AVC-NSE81F28,Turret,"AVM-CWM-EV-S2, AVM-HWM-E-S2",AVM-HCM-E-S1,AVM-P-POM-A2,AVM-CRM-A1,,,"AVM-JB-BE-AD2, AVM-JB-BE-S2",AVM-JB-DUAL-US1,
65,AVC-NSE81F28-B,Turret,AVM-CWM-EV-S1-B,,AVM-P-POM-A2,AVM-CRM-A1,,,AVM-JB-BE-S1-B,,
66,AVC-NKE81F28,Turret,"AVM-CWM-EV-S2, AVM-HWM-E-S2",AVM-HCM-E-S1,AVM-P-POM-A2,AVM-CRM-A1,,,"AVM-JB-BE-AD2, AVM-JB-BE-S2",AVM-JB-DUAL-US1,
67,AVC-NSE81F36,Turret,"AVM-CWM-EV-S2, AVM-HWM-E-S2",AVM-HCM-E-S2,AVM-P-POM-A2,AVM-CRM-A1,,,"AVM-JB-BE-AD2, AVM-JB-BE-S2",AVM-JB-DUAL-US1,
68,AVC-NKE51M,Turret,"AVM-CWM-EDV-L1, AVM-HWM-E-L1",AVM-HCM-E-L1,AVM-P-POM-A2,AVM-CRM-A1,,,AVM-JB-BE-L1,AVM-JB-DUAL-UL1,
69,AVC-NSE81M,Turret,"AVM-CWM-EDV-L1, AVM-HWM-E-L1",AVM-HCM-E-L1,AVM-P-POM-A2,AVM-CRM-A1,,,AVM-JB-BE-L1,AVM-JB-DUAL-UL1,
70,AVC-NKE81M,Turret,"AVM-CWM-EDV-L1, AVM-HWM-E-L1",AVM-HCM-E-L1,AVM-P-POM-A2,AVM-CRM-A1,,,AVM-JB-BE-L1,AVM-JB-DUAL-UL1,
71,AVC-NKB51F28,Bullet,,AVM-HCM-E-S1,AVM-P-POM-A2,AVM-CRM-A1,,,AVM-JB-BE-S2,AVM-JB-DUAL-US1,
72,AVC-NSB81F28,Bullet,,AVM-HCM-E-S1,AVM-P-POM-A2,AVM-CRM-A1,,,AVM-JB-BE-S2,AVM-JB-DUAL-US1,
73,AVC-NKB81F28,Bullet,,AVM-HCM-E-S1,AVM-P-POM-A2,AVM-CRM-A1,,,AVM-JB-BE-S2,AVM-JB-DUAL-US1,
74,AVC-NKB51M,Bullet,,AVM-HCM-E-L1,AVM-P-POM-A2,AVM-CRM-A1,,,"AVM-JB-BE-S2, AVM-JB-BE-L1",AVM-JB-DUAL-UL1,
75,AVC-NKB51M50,Bullet,,AVM-HCM-E-L1,AVM-P-POM-A2,AVM-CRM-A1,,,"AVM-JB-BE-L1, AVM-JB-BE-S2",AVM-JB-DUAL-UL1,
76,AVC-NSB81M,Bullet,,AVM-HCM-E-L1,AVM-P-POM-A2,AVM-CRM-A1,,,"AVM-JB-BE-S2, AVM-JB-BE-L1",AVM-JB-DUAL-UL1,
77,AVC-NKB81M,Bullet,,AVM-HCM-E-L1,AVM-P-POM-A2,AVM-CRM-A1,,,"AVM-JB-BE-S2, AVM-JB-BE-L1",AVM-JB-DUAL-UL1,
78,AVC-NSB81M50,Bullet,,AVM-HCM-E-L1,AVM-P-POM-A2,AVM-CRM-A1,,,"AVM-JB-BE-S2, AVM-JB-BE-L1",AVM-JB-DUAL-UL1,
79,AVC-NKB81M50,Bullet,,AVM-HCM-E-L1,AVM-P-POM-A2,AVM-CRM-A1,,,"AVM-JB-BE-S2, AVM-JB-BE-L1",AVM-JB-DUAL-UL1,
80,AVC-NKV51F28,Vandal Dome,"AVM-CWM-EV-S2, AVM-HWM-V-S1",AVM-HCM-V-S1,AVM-P-POM-A2,AVM-CRM-A1,AVM-RM-V-S1,,AVM-JB-V-S1,AVM-JB-DUAL-US1,
81,AVC-NSV81F28,Vandal Dome,"AVM-CWM-EV-S2, AVM-HWM-V-S1",AVM-HCM-V-S1,AVM-P-POM-A2,AVM-CRM-A1,AVM-RM-V-S1,,AVM-JB-V-S1,AVM-JB-DUAL-US1,
82,AVC-NKV81F28,Vandal Dome,"AVM-CWM-EV-S2, AVM-HWM-V-S1",AVM-HCM-V-S1,,AVM-CRM-A1,AVM-RM-V-S1,,AVM-JB-V-S1,AVM-JB-DUAL-US1,
83,AVC-NKV51M,Vandal Dome,"AVM-CWM-EDV-L1, AVM-HWM-V-L1",AVM-HCM-V-L1,AVM-P-POM-A2,AVM-CRM-A1,AVM-RM-V-L1,,AVM-JB-V-L1,AVM-JB-DUAL-UL1,AVM-WS-V-L1
84,AVC-NSV81M,Vandal Dome,"AVM-CWM-EDV-L1, AVM-HWM-V-L1",AVM-HCM-V-L1,AVM-P-POM-A2,AVM-CRM-A1,AVM-RM-V-L1,,AVM-JB-V-L1,AVM-JB-DUAL-UL1,AVM-WS-V-L1
85,AVC-NKV81M,Vandal Dome,"AVM-CWM-EDV-L1, AVM-HWM-V-L1",AVM-HCM-V-L1,AVM-P-POM-A2,AVM-CRM-A1,AVM-RM-V-L1,,AVM-JB-V-L1,AVM-JB-DUAL-UL1,AVM-WS-V-L1
86,AVC-NKD51F28,Indoor Dome,,,,,,,,,
87,AVC-NSD81F28,Indoor Dome,,,,,,,,,
88,AVC-NKD81F28,Indoor Dome,,,,,,,,,
89,AVC-NSD51M,Indoor Dome,AVM-CWM-EDV-L1,,,,,,,,
90,AVC-NKD51M,Indoor Dome,AVM-CWM-EDV-L1,,,,,,,,
91,AVC-NSD81M,Indoor Dome,AVM-CWM-EDV-L1,,,,,,,,
92,AVC-NSD81M,Indoor Dome,AVM-CWM-EDV-L1,,,,,,,,
93,AVC-NUE41F28,Turret,"AVM-CWM-EV-S2, AVM-HWM-E-S2",AVM-HCM-E-S2,AVM-P-POM-A2,AVM-CRM-A1,,,AVM-JB-BE-S2,,
94,AVC-NUE81F28,Turret,"AVM-CWM-EV-S2, AVM-HWM-E-S2",AVM-HCM-E-S2,AVM-P-POM-A2,AVM-CRM-A1,,,AVM-JB-BE-S2,,
95,AVC-NUE41M,Turret,"AVM-CWM-EDV-L1, AVM-HWM-E-L1",AVM-HCM-E-L1,AVM-P-POM-A2,AVM-CRM-A1,,,AVM-JB-BE-L1,AVM-JB-DUAL-UL1,
96,AVC-NUE81M,Turret,"AVM-CWM-EDV-L1, AVM-HWM-E-L1",AVM-HCM-E-L1,AVM-P-POM-A2,AVM-CRM-A1,,,AVM-JB-BE-L1,AVM-JB-DUAL-UL1,
97,AVC-NUB41F28,Turret,,,AVM-P-POM-A2,AVM-CRM-A1,,,AVM-JB-BE-S2,,
98,AVC-NUB81F28,Bullet,,,AVM-P-POM-A2,AVM-CRM-A1,,,AVM-JB-BE-S2,,
99,AVC-NUB41M,Bullet,,AVM-HCM-E-L1,AVM-P-POM-A2,AVM-CRM-A1,,,"AVM-JB-BE-S2, AVM-JB-BE-L1",AVM-JB-DUAL-UL1,
100,AVC-NUB81M,Bullet,,AVM-HCM-E-L1,AVM-P-POM-A2,AVM-CRM-A1,,,"AVM-JB-BE-S2, AVM-JB-BE-L1",AVM-JB-DUAL-UL1,
101,AVC-NPE51F180,Turret,"AVM-CWM-EV-S2, AVM-HWM-E-S2",AVM-HCM-E-S2,,,,,AVM-JB-BE-S2,,
102,AVC-NPE81F180,Turret,"AVM-CWM-EV-S2, AVM-HWM-E-S2",AVM-HCM-E-S2,,,,,AVM-JB-BE-S2,,
103,AVC-NTE51M32,Turret,,,,,,,,,
104,AVC-NTE51M07,Turret,,,,,,,,,
105,AVC-NTB51M32,Bullet,,,,,,,,,
106,AVC-NTB51M07,Bullet,,,,,,,,,
107,AVC-NCMMS161F04,Multi-sensor,AVM-PT-WMT-PM-L1 (Included),AVM-PT-CMT-PM-L1,AVM-P-POM-A2,AVM-CRM-A1,,AVM-P-PWMT,,,AVM-JB-WMT-A1
108,AVC-NCMS201M04,Dome,AVM-PT-WMT-PM-L1 (Included),AVM-PT-CMT-PM-L1,AVM-P-POM-A2,AVM-CRM-A1,,AVM-P-PWMT,,,AVM-JB-WMT-A1
109,AVC-NCMS321M04,Dome,AVM-PT-WMT-PM-L1 (Included),AVM-PT-CMT-PM-L1,AVM-P-POM-A2,AVM-CRM-A1,,AVM-P-PWMT,,,AVM-JB-WMT-A1
110,AVC-NPE81F2D,Turret,"AVM-CWM-EDV-L1, AVM-HWM-E-L1",AVM-HCM-E-L1,AVM-P-POM-A2,AVM-CRM-A1,,,AVM-JB-BE-L1,AVM-JB-DUAL-UL1,
111,AVC-NSZ21X25LW,PTZ,AVM-PT-WMT-PM-L1 (Included),AVM-PT-CMT-PM-L1,AVM-P-POM-A2,AVM-CRM-A1,,AVM-P-PWMT,,,AVM-JB-WMT-A1
112,AVC-NSZ51X25LW,PTZ,AVM-PT-WMT-PM-L1 (Included),AVM-PT-CMT-PM-L1,AVM-P-POM-A2,AVM-CRM-A1,,AVM-P-PWMT,,,AVM-JB-WMT-A1
113,AVC-NSZ81X25LW,PTZ,AVM-PT-WMT-PM-L1 (Included),AVM-PT-CMT-PM-L1,AVM-P-POM-A2,AVM-CRM-A1,,AVM-P-PWMT,,,AVM-JB-WMT-A1
114,AVC-NSZ51X33LW,PTZ,AVM-PT-WMT-PM-L1 (Included),AVM-PT-CMT-PM-L1,AVM-P-POM-A2,AVM-CRM-A1,,AVM-P-PWMT,,,AVM-JB-WMT-A1
115,AVC-NSZ41X04,Vandal Dome,"AVM-CWM-EDV-L1, AVM-HWM-V-L1",AVM-HCM-V-L1,AVM-P-POM-A2,AVM-CRM-A1,AVM-RM-V-L1,,AVM-JB-V-L1,AVM-JB-DUAL-UL1,AVM-WS-V-L1
116,AVC-NSZ81X04SPL,PTZ,,,AVM-P-POM-A2,AVM-CRM-A1,,,,,
117,AVC-NSZ81X37LW,PTZ,AVM-PT-WMT-PM-L1 (Included),AVM-PT-CMT-PM-L1,AVM-P-POM-A2,AVM-CRM-A1,,AVM-P-PWMT,,,AVM-JB-WMT-A1
118,AVC-NF121F,Fisheye ,,,,,,,AVM-JB-F-F1,,
119,AVC-NF121F-HD,Fisheye,,,,,,,AVM-JB-F-F1,,
121,AVC-SNDB41M-4G,Bullet,,,,,,,,,
122,AVC-NSVD51F2D,Dual Dome,AVM-HWM-SVD-D1,AVM-HCM-SVD-D1,,,,,,,
123,AVC-TE21F28,Turret,"AVM-CWM-EV-S2, AVM-HWM-E-S2",AVM-HCM-E-S2,AVM-P-POM-A2,AVM-CRM-A1,,,"AVM-JB-BE-AD2, AVM-JB-BE-S2",,
124,AVC-TE21F28-B,Turret,AVM-CWM-EV-S1-B,,AVM-P-POM-A2,AVM-CRM-A1,,,AVM-JB-BE-S1-B,,
125,AVC-TE21F36,Turret,"AVM-CWM-EV-S2, AVM-HWM-E-S2",AVM-HCM-E-S2,AVM-P-POM-A2,AVM-CRM-A1,,,"AVM-JB-BE-AD2, AVM-JB-BE-S2",,
126,AVC-TE21F36 -B,Turret,AVM-CWM-EV-S1-B,,AVM-P-POM-A2,AVM-CRM-A1,,,AVM-JB-BE-S1-B,,
127,AVC-TE21V,Turret,"AVM-CWM-EDV-L1, AVM-HWM-E-L1",AVM-HCM-E-L1,AVM-P-POM-A2,AVM-CRM-A1,,,AVM-JB-BE-L1,,
128,AVC-TE21V-B,Turret,"AVM-CWM-EDV-L1, AVM-HWM-E-L1",,AVM-P-POM-A2,AVM-CRM-A1,,,AVM-JB-BE-L1,,
129,AVC-TE51F28,Turret,"AVM-CWM-EV-S2, AVM-HWM-E-S2",AVM-HCM-E-S2,AVM-P-POM-A2,AVM-CRM-A1,,,"AVM-JB-BE-AD2, AVM-JB-BE-S2",,
130,AVC-TE51F36,Turret,"AVM-CWM-EV-S2, AVM-HWM-E-S2",AVM-HCM-E-S2,AVM-P-POM-A2,AVM-CRM-A1,,,"AVM-JB-BE-AD2, AVM-JB-BE-S2",,
131,AVC-TE51M,Turret,"AVM-CWM-EDV-L1, AVM-HWM-E-L1",AVM-HCM-E-L1,AVM-P-POM-A2,AVM-CRM-A1,,,AVM-JB-BE-L1,,
132,AVC-TLE51F28,Turret,,,,,,,,,
133,AVC-TE81F28,Turret,"AVM-CWM-EV-S2, AVM-HWM-E-S2",AVM-HCM-E-S2,AVM-P-POM-A2,AVM-CRM-A1,,,"AVM-JB-BE-AD2, AVM-JB-BE-S2",,
134,AVC-TE81M,Turret,"AVM-CWM-EDV-L1, AVM-HWM-E-L1",AVM-HCM-E-L1,AVM-P-POM-A2,AVM-CRM-A1,,,AVM-JB-BE-L1,,
135,AVC-TB21F28,Bullet,,AVM-HCM-E-S1,AVM-P-POM-A2,AVM-CRM-A1,,,AVM-JB-BE-S2,,
136,AVC-TB22M,Bullet,,AVM-HCM-E-L1,AVM-P-POM-A2,AVM-CRM-A1,,,"AVM-JB-BE-S2, AVM-JB-BE-L1",,
137,AVC-TB51F28,Bullet,,AVM-HCM-E-S1,AVM-P-POM-A2,AVM-CRM-A1,,,AVM-JB-BE-S2,,
138,AVC-TB52M,Bullet,,AVM-HCM-E-L1,AVM-P-POM-A2,AVM-CRM-A1,,,"AVM-JB-BE-S2, AVM-JB-BE-L1",,
139,AVC-TBL52M50,Bullet,,,,,,,AVM-JB-BL-R1,,
140,AVC-TB81F28,Bullet,,AVM-HCM-E-S1,AVM-P-POM-A2,AVM-CRM-A1,,,AVM-JB-BE-S2,,
141,AVC-TB82M,Bullet,,AVM-HCM-E-L1,AVM-P-POM-A2,AVM-CRM-A1,,,"AVM-JB-BE-S2, AVM-JB-BE-L1",,
142,AVC-TD21F28,Indoor Dome,,,,,,,,,
143,AVC-TD22V,Indoor Dome,AVM-CWM-EDV-L1,,,,,,,,
144,AVC-TD22M,Indoor Dome,AVM-CWM-EDV-L1,,,,,,,,
145,AVC-TD51F28,Indoor Dome,,,,,,,,,
146,AVC-TD81F28,Indoor Dome,,,,,,,,,
147,AVC-TD52M,Indoor Dome,AVM-CWM-EDV-L1,,,,,,,,
148,AVC-TD82M,Indoor Dome,AVM-CWM-EDV-L1,,,,,,,,
149,AVC-TV21F28,Vandal Dome,"AVM-CWM-EV-S2, AVM-HWM-V-S1",AVM-HCM-V-S1,AVM-P-POM-A2,AVM-CRM-A1,AVM-RM-V-S1,,AVM-JB-V-S1,,
150,AVC-TV22V,Vandal Dome,"AVM-CWM-EDV-L1, AVM-HWM-V-L1",AVM-HCM-V-L1,AVM-P-POM-A2,AVM-CRM-A1,AVM-RM-V-L1,,AVM-JB-V-L1,,AVM-WS-V-L1
151,AVC-TV22M,Vandal Dome,"AVM-CWM-EDV-L1, AVM-HWM-V-L1",AVM-HCM-V-L1,AVM-P-POM-A2,AVM-CRM-A1,AVM-RM-V-L1,,AVM-JB-V-L1,,AVM-WS-V-L1
152,AVC-TV51F28,Vandal Dome,"AVM-CWM-EV-S2, AVM-HWM-V-S1",AVM-HCM-V-S1,AVM-P-POM-A2,AVM-CRM-A1,AVM-RM-V-S1,,AVM-JB-V-S1,,
153,AVC-TV81F28,Vandal Dome,"AVM-CWM-EV-S2, AVM-HWM-V-S1",AVM-HCM-V-S1,AVM-P-POM-A2,AVM-CRM-A1,AVM-RM-V-S1,,AVM-JB-V-S1,,
154,AVC-TV52M,Vandal Dome,"AVM-CWM-EDV-L1, AVM-HWM-V-L1",AVM-HCM-V-L1,AVM-P-POM-A2,AVM-CRM-A1,AVM-RM-V-L1,,AVM-JB-V-L1,,AVM-WS-V-L1
155,AVC-TV82M,Vandal Dome,"AVM-CWM-EDV-L1, AVM-HWM-V-L1",AVM-HCM-V-L1,AVM-P-POM-A2,AVM-CRM-A1,AVM-RM-V-L1,,AVM-JB-V-L1,,AVM-WS-V-L1
156,AVC-TCE21F28,Turret,"AVM-CWM-EV-S2, AVM-HWM-E-S2",AVM-HCM-E-S2,AVM-P-POM-A2,AVM-CRM-A1,,,"AVM-JB-BE-AD2, AVM-JB-BE-S2",,
157,AVC-TCE51F28,Turret,"AVM-CWM-EV-S2, AVM-HWM-E-S2",AVM-HCM-E-S2,AVM-P-POM-A2,AVM-CRM-A1,,,"AVM-JB-BE-AD2, AVM-JB-BE-S2",,
158,AVC-TCE81F28,Turret,"AVM-CWM-EV-S2, AVM-HWM-E-S2",AVM-HCM-E-S2,AVM-P-POM-A2,AVM-CRM-A1,,,"AVM-JB-BE-AD2, AVM-JB-BE-S2",,
159,AVC-TMT51F28,Turret,,,,,,,AVM-JB-EVO-T1,,
160,AVC-TCB21F28,Bullet,,AVM-HCM-E-S1,AVM-P-POM-A2,AVM-CRM-A1,,,AVM-JB-BE-S2,,
161,AVC-TCB51F28,Bullet,,AVM-HCM-E-S1,AVM-P-POM-A2,AVM-CRM-A1,,,AVM-JB-BE-S2,,
162,AVC-TCB81F28,Bullet,,AVM-HCM-E-S1,AVM-P-POM-A2,AVM-CRM-A1,,,AVM-JB-BE-S2,,
163,AVC-NPB81F180,Turret,"AVM-CWM-EV-S2, AVM-HWM-E-S2",AVM-HCM-E-S2,,,,,AVM-JB-BE-S2,,
